id,name,slug,description
1,GLADSON1,gladson1,regra gladson1
2,GLADSON2,gladson2,regra gladson2
3,GLADSON3,gladson3,regra gladson3
4,GLADSON4,gladson4,regra gladson4
5,GLADSON5,gladson5,regra gladson5
6,GLADSON6,gladson6,regra gladson6
7,GLADSON7,gladson7,regra gladson7
8,GLADSON8,gladson8,regra gladson8
9,GLADSON9,gladson9,regra gladson9
10,GLADSON10,gladson10,regra gladson10
11,GLADSON11,gladson10,regra gladson10
12,GLADSON12,gladson10,regra gladson10
13,GLADSON13,gladson10,regra gladson10
14,GLADSON14,gladson10,regra gladson10
15,GLADSON15,gladson10,regra gladson10
16,GLADSON16,gladson10,regra gladson10
17,GLADSON17,gladson10,regra gladson10
18,GLADSON18,gladson10,regra gladson10
19,GLADSON19,gladson10,regra gladson10
20,GLADSON20,gladson10,regra gladson10
21,GLADSON21,gladson10,regra gladson10
22,GLADSON22,gladson10,regra gladson10
23,GLADSON23,gladson10,regra gladson10
24,GLADSON24,gladson10,regra gladson10
25,GLADSON25,gladson10,regra gladson10
26,GLADSON26,gladson10,regra gladson10
27,GLADSON27,gladson10,regra gladson10
28,GLADSON28,gladson10,regra gladson10
29,GLADSON29,gladson10,regra gladson10
30,GLADSON30,gladson10,regra gladson10
31,GLADSON31,gladson10,regra gladson10
32,GLADSON32,gladson10,regra gladson10
33,GLADSON33,gladson10,regra gladson10
34,GLADSON34,gladson10,regra gladson10
35,GLADSON35,gladson10,regra gladson10
36,GLADSON36,gladson10,regra gladson10
37,GLADSON37,gladson10,regra gladson10
38,GLADSON38,gladson10,regra gladson10
39,GLADSON39,gladson10,regra gladson10
40,GLADSON40,gladson10,regra gladson10
41,GLADSON41,gladson10,regra gladson10
42,GLADSON42,gladson10,regra gladson10
43,GLADSON43,gladson10,regra gladson10
44,GLADSON44,gladson10,regra gladson10
45,GLADSON45,gladson10,regra gladson10
46,GLADSON46,gladson10,regra gladson10
47,GLADSON47,gladson10,regra gladson10
48,GLADSON48,gladson10,regra gladson10
49,GLADSON49,gladson10,regra gladson10
50,GLADSON50,gladson10,regra gladson10
51,GLADSON51,gladson10,regra gladson10
52,GLADSON52,gladson10,regra gladson10
53,GLADSON53,gladson10,regra gladson10
54,GLADSON54,gladson10,regra gladson10
55,GLADSON55,gladson10,regra gladson10
56,GLADSON56,gladson10,regra gladson10
57,GLADSON57,gladson10,regra gladson10
58,GLADSON58,gladson10,regra gladson10
59,GLADSON59,gladson10,regra gladson10
60,GLADSON60,gladson10,regra gladson10
61,GLADSON61,gladson10,regra gladson10
62,GLADSON62,gladson10,regra gladson10
63,GLADSON63,gladson10,regra gladson10
64,GLADSON64,gladson10,regra gladson10
65,GLADSON65,gladson10,regra gladson10
66,GLADSON66,gladson10,regra gladson10
67,GLADSON67,gladson10,regra gladson10
68,GLADSON68,gladson10,regra gladson10
69,GLADSON69,gladson10,regra gladson10
70,GLADSON70,gladson10,regra gladson10
71,GLADSON71,gladson10,regra gladson10
72,GLADSON72,gladson10,regra gladson10
73,GLADSON73,gladson10,regra gladson10
74,GLADSON74,gladson10,regra gladson10
75,GLADSON75,gladson10,regra gladson10
76,GLADSON76,gladson10,regra gladson10
77,GLADSON77,gladson10,regra gladson10
78,GLADSON78,gladson10,regra gladson10
79,GLADSON79,gladson10,regra gladson10
80,GLADSON80,gladson10,regra gladson10
81,GLADSON81,gladson10,regra gladson10
82,GLADSON82,gladson10,regra gladson10
83,GLADSON83,gladson10,regra gladson10
84,GLADSON84,gladson10,regra gladson10
85,GLADSON85,gladson10,regra gladson10
86,GLADSON86,gladson10,regra gladson10
87,GLADSON87,gladson10,regra gladson10
88,GLADSON88,gladson10,regra gladson10
89,GLADSON89,gladson10,regra gladson10
90,GLADSON90,gladson10,regra gladson10
91,GLADSON91,gladson10,regra gladson10
92,GLADSON92,gladson10,regra gladson10
93,GLADSON93,gladson10,regra gladson10
94,GLADSON94,gladson10,regra gladson10
95,GLADSON95,gladson10,regra gladson10
96,GLADSON96,gladson10,regra gladson10
97,GLADSON97,gladson10,regra gladson10
98,GLADSON98,gladson10,regra gladson10
99,GLADSON99,gladson10,regra gladson10
100,GLADSON100,gladson10,regra gladson10
101,GLADSON101,gladson10,regra gladson10
102,GLADSON102,gladson10,regra gladson10
103,GLADSON103,gladson10,regra gladson10
104,GLADSON104,gladson10,regra gladson10
105,GLADSON105,gladson10,regra gladson10
106,GLADSON106,gladson10,regra gladson10
107,GLADSON107,gladson10,regra gladson10
108,GLADSON108,gladson10,regra gladson10
109,GLADSON109,gladson10,regra gladson10
110,GLADSON110,gladson10,regra gladson10
111,GLADSON111,gladson10,regra gladson10
112,GLADSON112,gladson10,regra gladson10
113,GLADSON113,gladson10,regra gladson10
114,GLADSON114,gladson10,regra gladson10
115,GLADSON115,gladson10,regra gladson10
116,GLADSON116,gladson10,regra gladson10
117,GLADSON117,gladson10,regra gladson10
118,GLADSON118,gladson10,regra gladson10
119,GLADSON119,gladson10,regra gladson10
120,GLADSON120,gladson10,regra gladson10
121,GLADSON121,gladson10,regra gladson10
122,GLADSON122,gladson10,regra gladson10
123,GLADSON123,gladson10,regra gladson10
124,GLADSON124,gladson10,regra gladson10
125,GLADSON125,gladson10,regra gladson10
126,GLADSON126,gladson10,regra gladson10
127,GLADSON127,gladson10,regra gladson10
128,GLADSON128,gladson10,regra gladson10
129,GLADSON129,gladson10,regra gladson10
130,GLADSON130,gladson10,regra gladson10
131,GLADSON131,gladson10,regra gladson10
132,GLADSON132,gladson10,regra gladson10
133,GLADSON133,gladson10,regra gladson10
134,GLADSON134,gladson10,regra gladson10
135,GLADSON135,gladson10,regra gladson10
136,GLADSON136,gladson10,regra gladson10
137,GLADSON137,gladson10,regra gladson10
138,GLADSON138,gladson10,regra gladson10
139,GLADSON139,gladson10,regra gladson10
140,GLADSON140,gladson10,regra gladson10
141,GLADSON141,gladson10,regra gladson10
142,GLADSON142,gladson10,regra gladson10
143,GLADSON143,gladson10,regra gladson10
144,GLADSON144,gladson10,regra gladson10
145,GLADSON145,gladson10,regra gladson10
146,GLADSON146,gladson10,regra gladson10
147,GLADSON147,gladson10,regra gladson10
148,GLADSON148,gladson10,regra gladson10
149,GLADSON149,gladson10,regra gladson10
150,GLADSON150,gladson10,regra gladson10
151,GLADSON151,gladson10,regra gladson10
152,GLADSON152,gladson10,regra gladson10
153,GLADSON153,gladson10,regra gladson10
154,GLADSON154,gladson10,regra gladson10
155,GLADSON155,gladson10,regra gladson10
156,GLADSON156,gladson10,regra gladson10
157,GLADSON157,gladson10,regra gladson10
158,GLADSON158,gladson10,regra gladson10
159,GLADSON159,gladson10,regra gladson10
160,GLADSON160,gladson10,regra gladson10
161,GLADSON161,gladson10,regra gladson10
162,GLADSON162,gladson10,regra gladson10
163,GLADSON163,gladson10,regra gladson10
164,GLADSON164,gladson10,regra gladson10
165,GLADSON165,gladson10,regra gladson10
166,GLADSON166,gladson10,regra gladson10
167,GLADSON167,gladson10,regra gladson10
168,GLADSON168,gladson10,regra gladson10
169,GLADSON169,gladson10,regra gladson10
170,GLADSON170,gladson10,regra gladson10
171,GLADSON171,gladson10,regra gladson10
172,GLADSON172,gladson10,regra gladson10
173,GLADSON173,gladson10,regra gladson10
174,GLADSON174,gladson10,regra gladson10
175,GLADSON175,gladson10,regra gladson10
176,GLADSON176,gladson10,regra gladson10
177,GLADSON177,gladson10,regra gladson10
178,GLADSON178,gladson10,regra gladson10
179,GLADSON179,gladson10,regra gladson10
180,GLADSON180,gladson10,regra gladson10
181,GLADSON181,gladson10,regra gladson10
182,GLADSON182,gladson10,regra gladson10
183,GLADSON183,gladson10,regra gladson10
184,GLADSON184,gladson10,regra gladson10
185,GLADSON185,gladson10,regra gladson10
186,GLADSON186,gladson10,regra gladson10
187,GLADSON187,gladson10,regra gladson10
188,GLADSON188,gladson10,regra gladson10
189,GLADSON189,gladson10,regra gladson10
190,GLADSON190,gladson10,regra gladson10
191,GLADSON191,gladson10,regra gladson10
192,GLADSON192,gladson10,regra gladson10
193,GLADSON193,gladson10,regra gladson10
194,GLADSON194,gladson10,regra gladson10
195,GLADSON195,gladson10,regra gladson10
196,GLADSON196,gladson10,regra gladson10
197,GLADSON197,gladson10,regra gladson10
198,GLADSON198,gladson10,regra gladson10
199,GLADSON199,gladson10,regra gladson10
200,GLADSON200,gladson10,regra gladson10
201,GLADSON201,gladson10,regra gladson10
202,GLADSON202,gladson10,regra gladson10
203,GLADSON203,gladson10,regra gladson10
204,GLADSON204,gladson10,regra gladson10
205,GLADSON205,gladson10,regra gladson10
206,GLADSON206,gladson10,regra gladson10
207,GLADSON207,gladson10,regra gladson10
208,GLADSON208,gladson10,regra gladson10
209,GLADSON209,gladson10,regra gladson10
210,GLADSON210,gladson10,regra gladson10
211,GLADSON211,gladson10,regra gladson10
212,GLADSON212,gladson10,regra gladson10
213,GLADSON213,gladson10,regra gladson10
214,GLADSON214,gladson10,regra gladson10
215,GLADSON215,gladson10,regra gladson10
216,GLADSON216,gladson10,regra gladson10
217,GLADSON217,gladson10,regra gladson10
218,GLADSON218,gladson10,regra gladson10
219,GLADSON219,gladson10,regra gladson10
220,GLADSON220,gladson10,regra gladson10
221,GLADSON221,gladson10,regra gladson10
222,GLADSON222,gladson10,regra gladson10
223,GLADSON223,gladson10,regra gladson10
224,GLADSON224,gladson10,regra gladson10
225,GLADSON225,gladson10,regra gladson10
226,GLADSON226,gladson10,regra gladson10
227,GLADSON227,gladson10,regra gladson10
228,GLADSON228,gladson10,regra gladson10
229,GLADSON229,gladson10,regra gladson10
230,GLADSON230,gladson10,regra gladson10
231,GLADSON231,gladson10,regra gladson10
232,GLADSON232,gladson10,regra gladson10
233,GLADSON233,gladson10,regra gladson10
234,GLADSON234,gladson10,regra gladson10
235,GLADSON235,gladson10,regra gladson10
236,GLADSON236,gladson10,regra gladson10
237,GLADSON237,gladson10,regra gladson10
238,GLADSON238,gladson10,regra gladson10
239,GLADSON239,gladson10,regra gladson10
240,GLADSON240,gladson10,regra gladson10
241,GLADSON241,gladson10,regra gladson10
242,GLADSON242,gladson10,regra gladson10
243,GLADSON243,gladson10,regra gladson10
244,GLADSON244,gladson10,regra gladson10
245,GLADSON245,gladson10,regra gladson10
246,GLADSON246,gladson10,regra gladson10
247,GLADSON247,gladson10,regra gladson10
248,GLADSON248,gladson10,regra gladson10
249,GLADSON249,gladson10,regra gladson10
250,GLADSON250,gladson10,regra gladson10
